{"_timestamp":1.760866847614693e+09,"train/mfu":0.06276711826090538,"_runtime":884,"total_training_flops":37366215475200,"total_training_time":25.105982303619385,"val/bpb":2.418807678491961,"train/lrm":1,"_wandb":{"runtime":884},"_step":5,"train/tok_per_sec":680,"train/dt":1.5048410892486572,"step":40,"train/loss":10.373490333557129}